mean_fit_time,std_fit_time,mean_score_time,std_score_time,param_C,param_gamma,params,split0_test_score,split1_test_score,split2_test_score,split3_test_score,split4_test_score,mean_test_score,std_test_score,rank_test_score
10.090931081771851,0.3240427112166575,2.575054979324341,0.3089964781449716,0.1,scale,"{'C': 0.1, 'gamma': 'scale'}",0.9999766199064797,0.9990293367346939,0.9999438775510203,0.999860969387755,0.9994225853062132,0.9996466777772325,0.00036727041996389574,2
9.845749998092652,0.4206324126453717,2.5456941604614256,0.23076333259305518,0.1,auto,"{'C': 0.1, 'gamma': 'auto'}",0.9999766199064797,0.9990089285714285,0.9999438775510203,0.9998622448979592,0.9994487051239302,0.9996480752101636,0.0003713667067994161,1
10.085804271697999,0.24138447243145728,3.2118975162506103,0.24497926712120707,0.1,0.001,"{'C': 0.1, 'gamma': 0.001}",0.9999743932309062,0.9987480867346938,0.9999438775510204,0.9997940051020408,0.9990463487829278,0.9995013422803177,0.0005059010169129447,3
258.8640127658844,4.299041146405956,76.11015625,2.7174953939414364,0.1,0.01,"{'C': 0.1, 'gamma': 0.01}",0.999832442663104,0.9964942602040817,0.999719387755102,0.998171556122449,0.9963865733022118,0.9981208440093898,0.001492712533492577,16
5.857091760635376,0.5110935067113209,1.728734827041626,0.3212352288106428,1.0,scale,"{'C': 1, 'gamma': 'scale'}",0.9999671565352928,0.9987857142857143,0.9998692602040816,0.9995376275510204,0.99851339335334,0.9993346303858898,0.0005835863894733231,5
5.423395586013794,0.357719305607452,1.797837209701538,0.1267726739764054,1.0,auto,"{'C': 1, 'gamma': 'auto'}",0.9999665998663994,0.9987633928571429,0.9998698979591837,0.9995401785714285,0.998571190396799,0.9993422519301907,0.0005721904136557898,4
6.159828090667725,0.32288205625799077,2.0621923446655273,0.260552296145779,1.0,0.001,"{'C': 1, 'gamma': 0.001}",0.9999560231574259,0.9983609693877551,0.999733418367347,0.9993539540816326,0.9979382016227631,0.9990685133233848,0.0007860625688688846,9
276.7966841220856,26.938777042532227,73.03217163085938,1.9730333638931072,1.0,0.01,"{'C': 1, 'gamma': 0.01}",0.999767312402583,0.9966026785714286,0.9997066326530613,0.9993667091836735,0.9980604645993109,0.9987007594820115,0.0012169409203347593,15
5.650306701660156,0.25993301106514266,1.5035661220550538,0.18915303789808505,10.0,scale,"{'C': 10, 'gamma': 'scale'}",0.9999309730572256,0.9983737244897959,0.999891581632653,0.998966836734694,0.9982960986995666,0.999091842922787,0.0007082726715372878,8
5.4818822860717775,0.422358954497749,1.6603236675262452,0.2205764912288145,10.0,auto,"{'C': 10, 'gamma': 'auto'}",0.9999304163883322,0.9983252551020408,0.999891581632653,0.9989706632653061,0.9983527842614204,0.9990941401299505,0.0007058767848024893,7
6.867531871795654,0.5825840042133557,2.039481687545776,0.14006668597483063,10.0,0.001,"{'C': 10, 'gamma': 0.001}",0.9999042529503452,0.9977461734693878,0.9998482142857144,0.9985491071428572,0.9978442814271424,0.9987784058550894,0.0009383700554197307,13
232.2961452484131,24.57655714956737,55.633563327789304,17.52326216068957,10.0,0.01,"{'C': 10, 'gamma': 0.01}",0.9997584057002895,0.9971645408163266,0.9997429846938775,0.999749362244898,0.9980876958986328,0.9989005978708049,0.001080791793779573,12
4.261609125137329,0.4577751086635577,1.1035903930664062,0.10055038227686634,100.0,scale,"{'C': 100, 'gamma': 'scale'}",0.9998118459140503,0.9976179846938776,0.9998705357142856,0.9990969387755102,0.9987462487495833,0.9990287107694614,0.0008242035921098046,11
4.184841251373291,0.4193213001427381,1.181837558746338,0.08984117761086939,100.0,auto,"{'C': 100, 'gamma': 'auto'}",0.9998112892451569,0.997593112244898,0.9998711734693877,0.9991033163265306,0.9987890407913749,0.9990335864154696,0.0008301812360008273,10
4.9949132919311525,0.5771528593723376,1.328131866455078,0.2875911102651481,100.0,0.001,"{'C': 100, 'gamma': 0.001}",0.9997717657537297,0.9971160714285714,0.999844387755102,0.9989215561224489,0.9981677225741914,0.9987643007268087,0.001027508475912727,14
191.13895587921144,24.7629223573064,36.4005588054657,1.1172584876802978,100.0,0.01,"{'C': 100, 'gamma': 0.01}",0.9997545090180361,0.9983233418367347,0.9997410714285715,0.999654974489796,0.9980904746026453,0.9991128742751567,0.0007441588555157226,6
