video_path,video_id,group_id,label,method,partition
Celeb-DF-v2/YouTube-real/00170.mp4,00170,00170,0,YouTube-real,test
Celeb-DF-v2/YouTube-real/00208.mp4,00208,00208,0,YouTube-real,test
Celeb-DF-v2/YouTube-real/00063.mp4,00063,00063,0,YouTube-real,test
Celeb-DF-v2/YouTube-real/00024.mp4,00024,00024,0,YouTube-real,test
Celeb-DF-v2/YouTube-real/00021.mp4,00021,00021,0,YouTube-real,test
Celeb-DF-v2/YouTube-real/00036.mp4,00036,00036,0,YouTube-real,test
Celeb-DF-v2/YouTube-real/00202.mp4,00202,00202,0,YouTube-real,test
Celeb-DF-v2/YouTube-real/00236.mp4,00236,00236,0,YouTube-real,test
Celeb-DF-v2/YouTube-real/00197.mp4,00197,00197,0,YouTube-real,test
Celeb-DF-v2/YouTube-real/00133.mp4,00133,00133,0,YouTube-real,test
Celeb-DF-v2/YouTube-real/00213.mp4,00213,00213,0,YouTube-real,test
Celeb-DF-v2/YouTube-real/00011.mp4,00011,00011,0,YouTube-real,test
Celeb-DF-v2/YouTube-real/00095.mp4,00095,00095,0,YouTube-real,test
Celeb-DF-v2/YouTube-real/00138.mp4,00138,00138,0,YouTube-real,test
Celeb-DF-v2/YouTube-real/00106.mp4,00106,00106,0,YouTube-real,test
Celeb-DF-v2/YouTube-real/00194.mp4,00194,00194,0,YouTube-real,test
Celeb-DF-v2/YouTube-real/00092.mp4,00092,00092,0,YouTube-real,test
Celeb-DF-v2/YouTube-real/00227.mp4,00227,00227,0,YouTube-real,test
Celeb-DF-v2/YouTube-real/00244.mp4,00244,00244,0,YouTube-real,test
Celeb-DF-v2/YouTube-real/00119.mp4,00119,00119,0,YouTube-real,test
Celeb-DF-v2/YouTube-real/00082.mp4,00082,00082,0,YouTube-real,test
Celeb-DF-v2/YouTube-real/00188.mp4,00188,00188,0,YouTube-real,test
Celeb-DF-v2/YouTube-real/00076.mp4,00076,00076,0,YouTube-real,test
Celeb-DF-v2/YouTube-real/00047.mp4,00047,00047,0,YouTube-real,test
Celeb-DF-v2/YouTube-real/00168.mp4,00168,00168,0,YouTube-real,test
Celeb-DF-v2/YouTube-real/00207.mp4,00207,00207,0,YouTube-real,test
Celeb-DF-v2/YouTube-real/00193.mp4,00193,00193,0,YouTube-real,test
Celeb-DF-v2/YouTube-real/00061.mp4,00061,00061,0,YouTube-real,test
Celeb-DF-v2/YouTube-real/00023.mp4,00023,00023,0,YouTube-real,test
Celeb-DF-v2/YouTube-real/00048.mp4,00048,00048,0,YouTube-real,test
Celeb-DF-v2/YouTube-real/00250.mp4,00250,00250,0,YouTube-real,test
Celeb-DF-v2/YouTube-real/00251.mp4,00251,00251,0,YouTube-real,test
Celeb-DF-v2/YouTube-real/00252.mp4,00252,00252,0,YouTube-real,test
Celeb-DF-v2/YouTube-real/00253.mp4,00253,00253,0,YouTube-real,test
Celeb-DF-v2/YouTube-real/00254.mp4,00254,00254,0,YouTube-real,test
Celeb-DF-v2/YouTube-real/00255.mp4,00255,00255,0,YouTube-real,test
Celeb-DF-v2/YouTube-real/00256.mp4,00256,00256,0,YouTube-real,test
Celeb-DF-v2/YouTube-real/00257.mp4,00257,00257,0,YouTube-real,test
Celeb-DF-v2/YouTube-real/00258.mp4,00258,00258,0,YouTube-real,test
Celeb-DF-v2/YouTube-real/00259.mp4,00259,00259,0,YouTube-real,test
Celeb-DF-v2/YouTube-real/00260.mp4,00260,00260,0,YouTube-real,test
Celeb-DF-v2/YouTube-real/00261.mp4,00261,00261,0,YouTube-real,test
Celeb-DF-v2/YouTube-real/00262.mp4,00262,00262,0,YouTube-real,test
Celeb-DF-v2/YouTube-real/00263.mp4,00263,00263,0,YouTube-real,test
Celeb-DF-v2/YouTube-real/00264.mp4,00264,00264,0,YouTube-real,test
Celeb-DF-v2/YouTube-real/00265.mp4,00265,00265,0,YouTube-real,test
Celeb-DF-v2/YouTube-real/00266.mp4,00266,00266,0,YouTube-real,test
Celeb-DF-v2/YouTube-real/00267.mp4,00267,00267,0,YouTube-real,test
Celeb-DF-v2/YouTube-real/00268.mp4,00268,00268,0,YouTube-real,test
Celeb-DF-v2/YouTube-real/00269.mp4,00269,00269,0,YouTube-real,test
Celeb-DF-v2/YouTube-real/00270.mp4,00270,00270,0,YouTube-real,test
Celeb-DF-v2/YouTube-real/00271.mp4,00271,00271,0,YouTube-real,test
Celeb-DF-v2/YouTube-real/00272.mp4,00272,00272,0,YouTube-real,test
Celeb-DF-v2/YouTube-real/00273.mp4,00273,00273,0,YouTube-real,test
Celeb-DF-v2/YouTube-real/00274.mp4,00274,00274,0,YouTube-real,test
Celeb-DF-v2/YouTube-real/00275.mp4,00275,00275,0,YouTube-real,test
Celeb-DF-v2/YouTube-real/00276.mp4,00276,00276,0,YouTube-real,test
Celeb-DF-v2/YouTube-real/00277.mp4,00277,00277,0,YouTube-real,test
Celeb-DF-v2/YouTube-real/00278.mp4,00278,00278,0,YouTube-real,test
Celeb-DF-v2/YouTube-real/00279.mp4,00279,00279,0,YouTube-real,test
Celeb-DF-v2/YouTube-real/00280.mp4,00280,00280,0,YouTube-real,test
Celeb-DF-v2/YouTube-real/00281.mp4,00281,00281,0,YouTube-real,test
Celeb-DF-v2/YouTube-real/00282.mp4,00282,00282,0,YouTube-real,test
Celeb-DF-v2/YouTube-real/00283.mp4,00283,00283,0,YouTube-real,test
Celeb-DF-v2/YouTube-real/00284.mp4,00284,00284,0,YouTube-real,test
Celeb-DF-v2/YouTube-real/00285.mp4,00285,00285,0,YouTube-real,test
Celeb-DF-v2/YouTube-real/00286.mp4,00286,00286,0,YouTube-real,test
Celeb-DF-v2/YouTube-real/00287.mp4,00287,00287,0,YouTube-real,test
Celeb-DF-v2/YouTube-real/00288.mp4,00288,00288,0,YouTube-real,test
Celeb-DF-v2/YouTube-real/00289.mp4,00289,00289,0,YouTube-real,test
Celeb-DF-v2/Celeb-real/id1_0007.mp4,id1_0007,id1,0,Celeb-real,test
Celeb-DF-v2/Celeb-real/id2_0008.mp4,id2_0008,id2,0,Celeb-real,test
Celeb-DF-v2/Celeb-real/id3_0001.mp4,id3_0001,id3,0,Celeb-real,test
Celeb-DF-v2/Celeb-real/id6_0005.mp4,id6_0005,id6,0,Celeb-real,test
Celeb-DF-v2/Celeb-real/id9_0000.mp4,id9_0000,id9,0,Celeb-real,test
Celeb-DF-v2/Celeb-real/id11_0008.mp4,id11_0008,id11,0,Celeb-real,test
Celeb-DF-v2/Celeb-real/id16_0011.mp4,id16_0011,id16,0,Celeb-real,test
Celeb-DF-v2/Celeb-real/id17_0000.mp4,id17_0000,id17,0,Celeb-real,test
Celeb-DF-v2/Celeb-real/id35_0008.mp4,id35_0008,id35,0,Celeb-real,test
Celeb-DF-v2/Celeb-real/id39_0005.mp4,id39_0005,id39,0,Celeb-real,test
Celeb-DF-v2/Celeb-real/id48_0000.mp4,id48_0000,id48,0,Celeb-real,test
Celeb-DF-v2/Celeb-real/id32_0008.mp4,id32_0008,id32,0,Celeb-real,test
Celeb-DF-v2/Celeb-real/id56_0009.mp4,id56_0009,id56,0,Celeb-real,test
Celeb-DF-v2/Celeb-real/id54_0007.mp4,id54_0007,id54,0,Celeb-real,test
Celeb-DF-v2/Celeb-real/id37_0005.mp4,id37_0005,id37,0,Celeb-real,test
Celeb-DF-v2/Celeb-real/id29_0008.mp4,id29_0008,id29,0,Celeb-real,test
Celeb-DF-v2/Celeb-real/id43_0006.mp4,id43_0006,id43,0,Celeb-real,test
Celeb-DF-v2/Celeb-real/id1_0006.mp4,id1_0006,id1,0,Celeb-real,test
Celeb-DF-v2/Celeb-real/id51_0001.mp4,id51_0001,id51,0,Celeb-real,test
Celeb-DF-v2/Celeb-real/id31_0007.mp4,id31_0007,id31,0,Celeb-real,test
Celeb-DF-v2/Celeb-real/id2_0003.mp4,id2_0003,id2,0,Celeb-real,test
Celeb-DF-v2/Celeb-real/id21_0009.mp4,id21_0009,id21,0,Celeb-real,test
Celeb-DF-v2/Celeb-real/id50_0003.mp4,id50_0003,id50,0,Celeb-real,test
Celeb-DF-v2/Celeb-real/id21_0006.mp4,id21_0006,id21,0,Celeb-real,test
Celeb-DF-v2/Celeb-real/id44_0003.mp4,id44_0003,id44,0,Celeb-real,test
Celeb-DF-v2/Celeb-real/id36_0006.mp4,id36_0006,id36,0,Celeb-real,test
Celeb-DF-v2/Celeb-real/id36_0008.mp4,id36_0008,id36,0,Celeb-real,test
Celeb-DF-v2/Celeb-real/id1_0008.mp4,id1_0008,id1,0,Celeb-real,test
Celeb-DF-v2/Celeb-real/id45_0003.mp4,id45_0003,id45,0,Celeb-real,test
Celeb-DF-v2/Celeb-real/id48_0003.mp4,id48_0003,id48,0,Celeb-real,test
Celeb-DF-v2/Celeb-real/id23_0001.mp4,id23_0001,id23,0,Celeb-real,test
Celeb-DF-v2/Celeb-real/id16_0010.mp4,id16_0010,id16,0,Celeb-real,test
Celeb-DF-v2/Celeb-real/id31_0004.mp4,id31_0004,id31,0,Celeb-real,test
Celeb-DF-v2/Celeb-real/id35_0000.mp4,id35_0000,id35,0,Celeb-real,test
Celeb-DF-v2/Celeb-real/id58_0002.mp4,id58_0002,id58,0,Celeb-real,test
Celeb-DF-v2/Celeb-real/id30_0007.mp4,id30_0007,id30,0,Celeb-real,test
Celeb-DF-v2/Celeb-real/id12_0005.mp4,id12_0005,id12,0,Celeb-real,test
Celeb-DF-v2/Celeb-real/id56_0002.mp4,id56_0002,id56,0,Celeb-real,test
Celeb-DF-v2/Celeb-real/id33_0005.mp4,id33_0005,id33,0,Celeb-real,test
Celeb-DF-v2/Celeb-real/id29_0009.mp4,id29_0009,id29,0,Celeb-real,test
Celeb-DF-v2/Celeb-real/id13_0013.mp4,id13_0013,id13,0,Celeb-real,test
Celeb-DF-v2/Celeb-real/id28_0009.mp4,id28_0009,id28,0,Celeb-real,test
Celeb-DF-v2/Celeb-real/id36_0000.mp4,id36_0000,id36,0,Celeb-real,test
Celeb-DF-v2/Celeb-real/id24_0009.mp4,id24_0009,id24,0,Celeb-real,test
Celeb-DF-v2/Celeb-real/id39_0004.mp4,id39_0004,id39,0,Celeb-real,test
Celeb-DF-v2/Celeb-real/id27_0008.mp4,id27_0008,id27,0,Celeb-real,test
Celeb-DF-v2/Celeb-real/id11_0006.mp4,id11_0006,id11,0,Celeb-real,test
Celeb-DF-v2/Celeb-real/id19_0007.mp4,id19_0007,id19,0,Celeb-real,test
Celeb-DF-v2/Celeb-real/id37_0009.mp4,id37_0009,id37,0,Celeb-real,test
Celeb-DF-v2/Celeb-real/id3_0008.mp4,id3_0008,id3,0,Celeb-real,test
Celeb-DF-v2/Celeb-real/id46_0000.mp4,id46_0000,id46,0,Celeb-real,test
Celeb-DF-v2/Celeb-real/id33_0008.mp4,id33_0008,id33,0,Celeb-real,test
Celeb-DF-v2/Celeb-real/id8_0000.mp4,id8_0000,id8,0,Celeb-real,test
Celeb-DF-v2/Celeb-real/id16_0007.mp4,id16_0007,id16,0,Celeb-real,test
Celeb-DF-v2/Celeb-real/id1_0001.mp4,id1_0001,id1,0,Celeb-real,test
Celeb-DF-v2/Celeb-real/id32_0002.mp4,id32_0002,id32,0,Celeb-real,test
Celeb-DF-v2/Celeb-real/id19_0005.mp4,id19_0005,id19,0,Celeb-real,test
Celeb-DF-v2/Celeb-real/id27_0009.mp4,id27_0009,id27,0,Celeb-real,test
Celeb-DF-v2/Celeb-real/id2_0001.mp4,id2_0001,id2,0,Celeb-real,test
Celeb-DF-v2/Celeb-real/id13_0011.mp4,id13_0011,id13,0,Celeb-real,test
Celeb-DF-v2/Celeb-real/id49_0004.mp4,id49_0004,id49,0,Celeb-real,test
Celeb-DF-v2/Celeb-real/id57_0007.mp4,id57_0007,id57,0,Celeb-real,test
Celeb-DF-v2/Celeb-real/id26_0008.mp4,id26_0008,id26,0,Celeb-real,test
Celeb-DF-v2/Celeb-real/id2_0004.mp4,id2_0004,id2,0,Celeb-real,test
Celeb-DF-v2/Celeb-real/id36_0001.mp4,id36_0001,id36,0,Celeb-real,test
Celeb-DF-v2/Celeb-real/id0_0001.mp4,id0_0001,id0,0,Celeb-real,test
Celeb-DF-v2/Celeb-real/id10_0007.mp4,id10_0007,id10,0,Celeb-real,test
Celeb-DF-v2/Celeb-real/id17_0002.mp4,id17_0002,id17,0,Celeb-real,test
Celeb-DF-v2/Celeb-real/id4_0004.mp4,id4_0004,id4,0,Celeb-real,test
Celeb-DF-v2/Celeb-real/id36_0002.mp4,id36_0002,id36,0,Celeb-real,test
Celeb-DF-v2/Celeb-real/id53_0003.mp4,id53_0003,id53,0,Celeb-real,test
Celeb-DF-v2/Celeb-real/id25_0010.mp4,id25_0010,id25,0,Celeb-real,test
Celeb-DF-v2/Celeb-real/id51_0006.mp4,id51_0006,id51,0,Celeb-real,test
Celeb-DF-v2/Celeb-real/id22_0000.mp4,id22_0000,id22,0,Celeb-real,test
Celeb-DF-v2/Celeb-real/id10_0001.mp4,id10_0001,id10,0,Celeb-real,test
Celeb-DF-v2/Celeb-real/id6_0002.mp4,id6_0002,id6,0,Celeb-real,test
Celeb-DF-v2/Celeb-real/id12_0000.mp4,id12_0000,id12,0,Celeb-real,test
Celeb-DF-v2/Celeb-real/id35_0003.mp4,id35_0003,id35,0,Celeb-real,test
Celeb-DF-v2/Celeb-real/id3_0002.mp4,id3_0002,id3,0,Celeb-real,test
Celeb-DF-v2/Celeb-real/id31_0003.mp4,id31_0003,id31,0,Celeb-real,test
Celeb-DF-v2/Celeb-real/id52_0002.mp4,id52_0002,id52,0,Celeb-real,test
Celeb-DF-v2/Celeb-real/id2_0002.mp4,id2_0002,id2,0,Celeb-real,test
Celeb-DF-v2/Celeb-real/id44_0001.mp4,id44_0001,id44,0,Celeb-real,test
Celeb-DF-v2/Celeb-real/id8_0009.mp4,id8_0009,id8,0,Celeb-real,test
Celeb-DF-v2/Celeb-real/id33_0002.mp4,id33_0002,id33,0,Celeb-real,test
Celeb-DF-v2/Celeb-real/id50_0000.mp4,id50_0000,id50,0,Celeb-real,test
Celeb-DF-v2/Celeb-real/id40_0003.mp4,id40_0003,id40,0,Celeb-real,test
Celeb-DF-v2/Celeb-real/id7_0006.mp4,id7_0006,id7,0,Celeb-real,test
Celeb-DF-v2/Celeb-real/id53_0007.mp4,id53_0007,id53,0,Celeb-real,test
Celeb-DF-v2/Celeb-real/id43_0002.mp4,id43_0002,id43,0,Celeb-real,test
Celeb-DF-v2/Celeb-real/id56_0000.mp4,id56_0000,id56,0,Celeb-real,test
Celeb-DF-v2/Celeb-real/id13_0004.mp4,id13_0004,id13,0,Celeb-real,test
Celeb-DF-v2/Celeb-real/id43_0001.mp4,id43_0001,id43,0,Celeb-real,test
Celeb-DF-v2/Celeb-real/id20_0008.mp4,id20_0008,id20,0,Celeb-real,test
Celeb-DF-v2/Celeb-real/id28_0004.mp4,id28_0004,id28,0,Celeb-real,test
Celeb-DF-v2/Celeb-real/id22_0009.mp4,id22_0009,id22,0,Celeb-real,test
Celeb-DF-v2/Celeb-real/id53_0000.mp4,id53_0000,id53,0,Celeb-real,test
Celeb-DF-v2/Celeb-real/id50_0006.mp4,id50_0006,id50,0,Celeb-real,test
Celeb-DF-v2/Celeb-real/id32_0003.mp4,id32_0003,id32,0,Celeb-real,test
Celeb-DF-v2/Celeb-real/id32_0006.mp4,id32_0006,id32,0,Celeb-real,test
Celeb-DF-v2/Celeb-real/id57_0003.mp4,id57_0003,id57,0,Celeb-real,test
Celeb-DF-v2/Celeb-real/id37_0004.mp4,id37_0004,id37,0,Celeb-real,test
Celeb-DF-v2/Celeb-real/id28_0007.mp4,id28_0007,id28,0,Celeb-real,test
Celeb-DF-v2/Celeb-real/id52_0001.mp4,id52_0001,id52,0,Celeb-real,test
Celeb-DF-v2/Celeb-real/id40_0009.mp4,id40_0009,id40,0,Celeb-real,test
Celeb-DF-v2/Celeb-real/id51_0005.mp4,id51_0005,id51,0,Celeb-real,test
Celeb-DF-v2/Celeb-real/id34_0006.mp4,id34_0006,id34,0,Celeb-real,test
Celeb-DF-v2/Celeb-real/id42_0002.mp4,id42_0002,id42,0,Celeb-real,test
Celeb-DF-v2/Celeb-synthesis/id1_id0_0007.mp4,id1_id0_0007,id1,1,Celeb-synthesis,test
Celeb-DF-v2/Celeb-synthesis/id1_id3_0007.mp4,id1_id3_0007,id1,1,Celeb-synthesis,test
Celeb-DF-v2/Celeb-synthesis/id1_id4_0007.mp4,id1_id4_0007,id1,1,Celeb-synthesis,test
Celeb-DF-v2/Celeb-synthesis/id1_id9_0007.mp4,id1_id9_0007,id1,1,Celeb-synthesis,test
Celeb-DF-v2/Celeb-synthesis/id1_id16_0007.mp4,id1_id16_0007,id1,1,Celeb-synthesis,test
Celeb-DF-v2/Celeb-synthesis/id1_id17_0007.mp4,id1_id17_0007,id1,1,Celeb-synthesis,test
Celeb-DF-v2/Celeb-synthesis/id2_id0_0008.mp4,id2_id0_0008,id2,1,Celeb-synthesis,test
Celeb-DF-v2/Celeb-synthesis/id2_id3_0008.mp4,id2_id3_0008,id2,1,Celeb-synthesis,test
Celeb-DF-v2/Celeb-synthesis/id2_id9_0008.mp4,id2_id9_0008,id2,1,Celeb-synthesis,test
Celeb-DF-v2/Celeb-synthesis/id3_id1_0001.mp4,id3_id1_0001,id3,1,Celeb-synthesis,test
Celeb-DF-v2/Celeb-synthesis/id3_id2_0001.mp4,id3_id2_0001,id3,1,Celeb-synthesis,test
Celeb-DF-v2/Celeb-synthesis/id3_id4_0001.mp4,id3_id4_0001,id3,1,Celeb-synthesis,test
Celeb-DF-v2/Celeb-synthesis/id3_id6_0001.mp4,id3_id6_0001,id3,1,Celeb-synthesis,test
Celeb-DF-v2/Celeb-synthesis/id3_id9_0001.mp4,id3_id9_0001,id3,1,Celeb-synthesis,test
Celeb-DF-v2/Celeb-synthesis/id3_id16_0001.mp4,id3_id16_0001,id3,1,Celeb-synthesis,test
Celeb-DF-v2/Celeb-synthesis/id4_id1_0003.mp4,id4_id1_0003,id4,1,Celeb-synthesis,test
Celeb-DF-v2/Celeb-synthesis/id6_id0_0005.mp4,id6_id0_0005,id6,1,Celeb-synthesis,test
Celeb-DF-v2/Celeb-synthesis/id6_id1_0005.mp4,id6_id1_0005,id6,1,Celeb-synthesis,test
Celeb-DF-v2/Celeb-synthesis/id6_id2_0005.mp4,id6_id2_0005,id6,1,Celeb-synthesis,test
Celeb-DF-v2/Celeb-synthesis/id6_id3_0005.mp4,id6_id3_0005,id6,1,Celeb-synthesis,test
Celeb-DF-v2/Celeb-synthesis/id6_id16_0005.mp4,id6_id16_0005,id6,1,Celeb-synthesis,test
Celeb-DF-v2/Celeb-synthesis/id7_id10_0009.mp4,id7_id10_0009,id7,1,Celeb-synthesis,test
Celeb-DF-v2/Celeb-synthesis/id7_id11_0009.mp4,id7_id11_0009,id7,1,Celeb-synthesis,test
Celeb-DF-v2/Celeb-synthesis/id7_id13_0009.mp4,id7_id13_0009,id7,1,Celeb-synthesis,test
Celeb-DF-v2/Celeb-synthesis/id9_id0_0000.mp4,id9_id0_0000,id9,1,Celeb-synthesis,test
Celeb-DF-v2/Celeb-synthesis/id9_id1_0000.mp4,id9_id1_0000,id9,1,Celeb-synthesis,test
Celeb-DF-v2/Celeb-synthesis/id9_id2_0000.mp4,id9_id2_0000,id9,1,Celeb-synthesis,test
Celeb-DF-v2/Celeb-synthesis/id9_id3_0000.mp4,id9_id3_0000,id9,1,Celeb-synthesis,test
Celeb-DF-v2/Celeb-synthesis/id9_id6_0000.mp4,id9_id6_0000,id9,1,Celeb-synthesis,test
Celeb-DF-v2/Celeb-synthesis/id9_id16_0000.mp4,id9_id16_0000,id9,1,Celeb-synthesis,test
Celeb-DF-v2/Celeb-synthesis/id10_id7_0004.mp4,id10_id7_0004,id10,1,Celeb-synthesis,test
Celeb-DF-v2/Celeb-synthesis/id10_id11_0004.mp4,id10_id11_0004,id10,1,Celeb-synthesis,test
Celeb-DF-v2/Celeb-synthesis/id10_id12_0004.mp4,id10_id12_0004,id10,1,Celeb-synthesis,test
Celeb-DF-v2/Celeb-synthesis/id10_id13_0004.mp4,id10_id13_0004,id10,1,Celeb-synthesis,test
Celeb-DF-v2/Celeb-synthesis/id10_id7_0001.mp4,id10_id7_0001,id10,1,Celeb-synthesis,test
Celeb-DF-v2/Celeb-synthesis/id10_id11_0001.mp4,id10_id11_0001,id10,1,Celeb-synthesis,test
Celeb-DF-v2/Celeb-synthesis/id10_id12_0001.mp4,id10_id12_0001,id10,1,Celeb-synthesis,test
Celeb-DF-v2/Celeb-synthesis/id10_id13_0001.mp4,id10_id13_0001,id10,1,Celeb-synthesis,test
Celeb-DF-v2/Celeb-synthesis/id11_id7_0008.mp4,id11_id7_0008,id11,1,Celeb-synthesis,test
Celeb-DF-v2/Celeb-synthesis/id16_id0_0011.mp4,id16_id0_0011,id16,1,Celeb-synthesis,test
Celeb-DF-v2/Celeb-synthesis/id16_id1_0011.mp4,id16_id1_0011,id16,1,Celeb-synthesis,test
Celeb-DF-v2/Celeb-synthesis/id16_id2_0011.mp4,id16_id2_0011,id16,1,Celeb-synthesis,test
Celeb-DF-v2/Celeb-synthesis/id16_id3_0011.mp4,id16_id3_0011,id16,1,Celeb-synthesis,test
Celeb-DF-v2/Celeb-synthesis/id16_id6_0011.mp4,id16_id6_0011,id16,1,Celeb-synthesis,test
Celeb-DF-v2/Celeb-synthesis/id17_id0_0000.mp4,id17_id0_0000,id17,1,Celeb-synthesis,test
Celeb-DF-v2/Celeb-synthesis/id17_id1_0000.mp4,id17_id1_0000,id17,1,Celeb-synthesis,test
Celeb-DF-v2/Celeb-synthesis/id17_id2_0000.mp4,id17_id2_0000,id17,1,Celeb-synthesis,test
Celeb-DF-v2/Celeb-synthesis/id17_id3_0000.mp4,id17_id3_0000,id17,1,Celeb-synthesis,test
Celeb-DF-v2/Celeb-synthesis/id17_id6_0000.mp4,id17_id6_0000,id17,1,Celeb-synthesis,test
Celeb-DF-v2/Celeb-synthesis/id17_id9_0000.mp4,id17_id9_0000,id17,1,Celeb-synthesis,test
Celeb-DF-v2/Celeb-synthesis/id17_id16_0000.mp4,id17_id16_0000,id17,1,Celeb-synthesis,test
Celeb-DF-v2/Celeb-synthesis/id16_id20_0000.mp4,id16_id20_0000,id16,1,Celeb-synthesis,test
Celeb-DF-v2/Celeb-synthesis/id17_id23_0000.mp4,id17_id23_0000,id17,1,Celeb-synthesis,test
Celeb-DF-v2/Celeb-synthesis/id3_id28_0001.mp4,id3_id28_0001,id3,1,Celeb-synthesis,test
Celeb-DF-v2/Celeb-synthesis/id35_id32_0007.mp4,id35_id32_0007,id35,1,Celeb-synthesis,test
Celeb-DF-v2/Celeb-synthesis/id30_id26_0004.mp4,id30_id26_0004,id30,1,Celeb-synthesis,test
Celeb-DF-v2/Celeb-synthesis/id16_id20_0006.mp4,id16_id20_0006,id16,1,Celeb-synthesis,test
Celeb-DF-v2/Celeb-synthesis/id4_id20_0001.mp4,id4_id20_0001,id4,1,Celeb-synthesis,test
Celeb-DF-v2/Celeb-synthesis/id26_id3_0002.mp4,id26_id3_0002,id26,1,Celeb-synthesis,test
Celeb-DF-v2/Celeb-synthesis/id20_id31_0006.mp4,id20_id31_0006,id20,1,Celeb-synthesis,test
Celeb-DF-v2/Celeb-synthesis/id6_id23_0001.mp4,id6_id23_0001,id6,1,Celeb-synthesis,test
Celeb-DF-v2/Celeb-synthesis/id9_id23_0009.mp4,id9_id23_0009,id9,1,Celeb-synthesis,test
Celeb-DF-v2/Celeb-synthesis/id32_id33_0002.mp4,id32_id33_0002,id32,1,Celeb-synthesis,test
Celeb-DF-v2/Celeb-synthesis/id16_id20_0012.mp4,id16_id20_0012,id16,1,Celeb-synthesis,test
Celeb-DF-v2/Celeb-synthesis/id29_id30_0000.mp4,id29_id30_0000,id29,1,Celeb-synthesis,test
Celeb-DF-v2/Celeb-synthesis/id3_id20_0008.mp4,id3_id20_0008,id3,1,Celeb-synthesis,test
Celeb-DF-v2/Celeb-synthesis/id22_id27_0001.mp4,id22_id27_0001,id22,1,Celeb-synthesis,test
Celeb-DF-v2/Celeb-synthesis/id27_id21_0002.mp4,id27_id21_0002,id27,1,Celeb-synthesis,test
Celeb-DF-v2/Celeb-synthesis/id29_id35_0000.mp4,id29_id35_0000,id29,1,Celeb-synthesis,test
Celeb-DF-v2/Celeb-synthesis/id21_id19_0005.mp4,id21_id19_0005,id21,1,Celeb-synthesis,test
Celeb-DF-v2/Celeb-synthesis/id23_id26_0003.mp4,id23_id26_0003,id23,1,Celeb-synthesis,test
Celeb-DF-v2/Celeb-synthesis/id30_id35_0009.mp4,id30_id35_0009,id30,1,Celeb-synthesis,test
Celeb-DF-v2/Celeb-synthesis/id9_id26_0000.mp4,id9_id26_0000,id9,1,Celeb-synthesis,test
Celeb-DF-v2/Celeb-synthesis/id33_id32_0006.mp4,id33_id32_0006,id33,1,Celeb-synthesis,test
Celeb-DF-v2/Celeb-synthesis/id30_id34_0003.mp4,id30_id34_0003,id30,1,Celeb-synthesis,test
Celeb-DF-v2/Celeb-synthesis/id29_id37_0008.mp4,id29_id37_0008,id29,1,Celeb-synthesis,test
Celeb-DF-v2/Celeb-synthesis/id35_id31_0006.mp4,id35_id31_0006,id35,1,Celeb-synthesis,test
Celeb-DF-v2/Celeb-synthesis/id37_id34_0008.mp4,id37_id34_0008,id37,1,Celeb-synthesis,test
Celeb-DF-v2/Celeb-synthesis/id26_id16_0001.mp4,id26_id16_0001,id26,1,Celeb-synthesis,test
Celeb-DF-v2/Celeb-synthesis/id17_id23_0009.mp4,id17_id23_0009,id17,1,Celeb-synthesis,test
Celeb-DF-v2/Celeb-synthesis/id6_id20_0007.mp4,id6_id20_0007,id6,1,Celeb-synthesis,test
Celeb-DF-v2/Celeb-synthesis/id1_id20_0001.mp4,id1_id20_0001,id1,1,Celeb-synthesis,test
Celeb-DF-v2/Celeb-synthesis/id1_id23_0006.mp4,id1_id23_0006,id1,1,Celeb-synthesis,test
Celeb-DF-v2/Celeb-synthesis/id37_id35_0001.mp4,id37_id35_0001,id37,1,Celeb-synthesis,test
Celeb-DF-v2/Celeb-synthesis/id4_id23_0006.mp4,id4_id23_0006,id4,1,Celeb-synthesis,test
Celeb-DF-v2/Celeb-synthesis/id17_id26_0006.mp4,id17_id26_0006,id17,1,Celeb-synthesis,test
Celeb-DF-v2/Celeb-synthesis/id20_id1_0007.mp4,id20_id1_0007,id20,1,Celeb-synthesis,test
Celeb-DF-v2/Celeb-synthesis/id0_id26_0009.mp4,id0_id26_0009,id0,1,Celeb-synthesis,test
Celeb-DF-v2/Celeb-synthesis/id38_id33_0005.mp4,id38_id33_0005,id38,1,Celeb-synthesis,test
Celeb-DF-v2/Celeb-synthesis/id28_id35_0008.mp4,id28_id35_0008,id28,1,Celeb-synthesis,test
Celeb-DF-v2/Celeb-synthesis/id23_id35_0006.mp4,id23_id35_0006,id23,1,Celeb-synthesis,test
Celeb-DF-v2/Celeb-synthesis/id6_id28_0002.mp4,id6_id28_0002,id6,1,Celeb-synthesis,test
Celeb-DF-v2/Celeb-synthesis/id35_id28_0006.mp4,id35_id28_0006,id35,1,Celeb-synthesis,test
Celeb-DF-v2/Celeb-synthesis/id32_id31_0008.mp4,id32_id31_0008,id32,1,Celeb-synthesis,test
Celeb-DF-v2/Celeb-synthesis/id38_id34_0004.mp4,id38_id34_0004,id38,1,Celeb-synthesis,test
Celeb-DF-v2/Celeb-synthesis/id3_id28_0009.mp4,id3_id28_0009,id3,1,Celeb-synthesis,test
Celeb-DF-v2/Celeb-synthesis/id37_id28_0007.mp4,id37_id28_0007,id37,1,Celeb-synthesis,test
Celeb-DF-v2/Celeb-synthesis/id1_id20_0002.mp4,id1_id20_0002,id1,1,Celeb-synthesis,test
Celeb-DF-v2/Celeb-synthesis/id37_id31_0008.mp4,id37_id31_0008,id37,1,Celeb-synthesis,test
Celeb-DF-v2/Celeb-synthesis/id30_id23_0007.mp4,id30_id23_0007,id30,1,Celeb-synthesis,test
Celeb-DF-v2/Celeb-synthesis/id28_id26_0000.mp4,id28_id26_0000,id28,1,Celeb-synthesis,test
Celeb-DF-v2/Celeb-synthesis/id2_id28_0003.mp4,id2_id28_0003,id2,1,Celeb-synthesis,test
Celeb-DF-v2/Celeb-synthesis/id27_id24_0007.mp4,id27_id24_0007,id27,1,Celeb-synthesis,test
Celeb-DF-v2/Celeb-synthesis/id30_id32_0006.mp4,id30_id32_0006,id30,1,Celeb-synthesis,test
Celeb-DF-v2/Celeb-synthesis/id35_id31_0009.mp4,id35_id31_0009,id35,1,Celeb-synthesis,test
Celeb-DF-v2/Celeb-synthesis/id4_id21_0004.mp4,id4_id21_0004,id4,1,Celeb-synthesis,test
Celeb-DF-v2/Celeb-synthesis/id37_id21_0005.mp4,id37_id21_0005,id37,1,Celeb-synthesis,test
Celeb-DF-v2/Celeb-synthesis/id30_id21_0002.mp4,id30_id21_0002,id30,1,Celeb-synthesis,test
Celeb-DF-v2/Celeb-synthesis/id16_id23_0011.mp4,id16_id23_0011,id16,1,Celeb-synthesis,test
Celeb-DF-v2/Celeb-synthesis/id9_id20_0002.mp4,id9_id20_0002,id9,1,Celeb-synthesis,test
Celeb-DF-v2/Celeb-synthesis/id6_id21_0006.mp4,id6_id21_0006,id6,1,Celeb-synthesis,test
Celeb-DF-v2/Celeb-synthesis/id20_id19_0002.mp4,id20_id19_0002,id20,1,Celeb-synthesis,test
Celeb-DF-v2/Celeb-synthesis/id28_id4_0006.mp4,id28_id4_0006,id28,1,Celeb-synthesis,test
Celeb-DF-v2/Celeb-synthesis/id35_id34_0002.mp4,id35_id34_0002,id35,1,Celeb-synthesis,test
Celeb-DF-v2/Celeb-synthesis/id35_id26_0003.mp4,id35_id26_0003,id35,1,Celeb-synthesis,test
Celeb-DF-v2/Celeb-synthesis/id22_id28_0006.mp4,id22_id28_0006,id22,1,Celeb-synthesis,test
Celeb-DF-v2/Celeb-synthesis/id30_id21_0005.mp4,id30_id21_0005,id30,1,Celeb-synthesis,test
Celeb-DF-v2/Celeb-synthesis/id24_id20_0009.mp4,id24_id20_0009,id24,1,Celeb-synthesis,test
Celeb-DF-v2/Celeb-synthesis/id4_id20_0000.mp4,id4_id20_0000,id4,1,Celeb-synthesis,test
Celeb-DF-v2/Celeb-synthesis/id2_id26_0001.mp4,id2_id26_0001,id2,1,Celeb-synthesis,test
Celeb-DF-v2/Celeb-synthesis/id21_id6_0005.mp4,id21_id6_0005,id21,1,Celeb-synthesis,test
Celeb-DF-v2/Celeb-synthesis/id21_id9_0008.mp4,id21_id9_0008,id21,1,Celeb-synthesis,test
Celeb-DF-v2/Celeb-synthesis/id22_id21_0005.mp4,id22_id21_0005,id22,1,Celeb-synthesis,test
Celeb-DF-v2/Celeb-synthesis/id22_id27_0005.mp4,id22_id27_0005,id22,1,Celeb-synthesis,test
Celeb-DF-v2/Celeb-synthesis/id23_id2_0007.mp4,id23_id2_0007,id23,1,Celeb-synthesis,test
Celeb-DF-v2/Celeb-synthesis/id23_id3_0009.mp4,id23_id3_0009,id23,1,Celeb-synthesis,test
Celeb-DF-v2/Celeb-synthesis/id24_id19_0000.mp4,id24_id19_0000,id24,1,Celeb-synthesis,test
Celeb-DF-v2/Celeb-synthesis/id24_id21_0006.mp4,id24_id21_0006,id24,1,Celeb-synthesis,test
Celeb-DF-v2/Celeb-synthesis/id24_id26_0009.mp4,id24_id26_0009,id24,1,Celeb-synthesis,test
Celeb-DF-v2/Celeb-synthesis/id25_id19_0002.mp4,id25_id19_0002,id25,1,Celeb-synthesis,test
Celeb-DF-v2/Celeb-synthesis/id25_id24_0003.mp4,id25_id24_0003,id25,1,Celeb-synthesis,test
Celeb-DF-v2/Celeb-synthesis/id27_id21_0008.mp4,id27_id21_0008,id27,1,Celeb-synthesis,test
Celeb-DF-v2/Celeb-synthesis/id27_id22_0007.mp4,id27_id22_0007,id27,1,Celeb-synthesis,test
Celeb-DF-v2/Celeb-synthesis/id27_id25_0008.mp4,id27_id25_0008,id27,1,Celeb-synthesis,test
Celeb-DF-v2/Celeb-synthesis/id28_id3_0004.mp4,id28_id3_0004,id28,1,Celeb-synthesis,test
Celeb-DF-v2/Celeb-synthesis/id28_id6_0006.mp4,id28_id6_0006,id28,1,Celeb-synthesis,test
Celeb-DF-v2/Celeb-synthesis/id29_id32_0000.mp4,id29_id32_0000,id29,1,Celeb-synthesis,test
Celeb-DF-v2/Celeb-synthesis/id29_id37_0009.mp4,id29_id37_0009,id29,1,Celeb-synthesis,test
Celeb-DF-v2/Celeb-synthesis/id30_id20_0004.mp4,id30_id20_0004,id30,1,Celeb-synthesis,test
Celeb-DF-v2/Celeb-synthesis/id30_id23_0002.mp4,id30_id23_0002,id30,1,Celeb-synthesis,test
Celeb-DF-v2/Celeb-synthesis/id32_id33_0004.mp4,id32_id33_0004,id32,1,Celeb-synthesis,test
Celeb-DF-v2/Celeb-synthesis/id33_id38_0001.mp4,id33_id38_0001,id33,1,Celeb-synthesis,test
Celeb-DF-v2/Celeb-synthesis/id34_id33_0005.mp4,id34_id33_0005,id34,1,Celeb-synthesis,test
Celeb-DF-v2/Celeb-synthesis/id35_id31_0007.mp4,id35_id31_0007,id35,1,Celeb-synthesis,test
Celeb-DF-v2/Celeb-synthesis/id49_id52_0005.mp4,id49_id52_0005,id49,1,Celeb-synthesis,test
Celeb-DF-v2/Celeb-synthesis/id9_id2_0006.mp4,id9_id2_0006,id9,1,Celeb-synthesis,test
Celeb-DF-v2/Celeb-synthesis/id7_id11_0007.mp4,id7_id11_0007,id7,1,Celeb-synthesis,test
Celeb-DF-v2/Celeb-synthesis/id4_id37_0006.mp4,id4_id37_0006,id4,1,Celeb-synthesis,test
Celeb-DF-v2/Celeb-synthesis/id37_id38_0009.mp4,id37_id38_0009,id37,1,Celeb-synthesis,test
Celeb-DF-v2/Celeb-synthesis/id29_id30_0009.mp4,id29_id30_0009,id29,1,Celeb-synthesis,test
Celeb-DF-v2/Celeb-synthesis/id0_id6_0007.mp4,id0_id6_0007,id0,1,Celeb-synthesis,test
Celeb-DF-v2/Celeb-synthesis/id0_id16_0004.mp4,id0_id16_0004,id0,1,Celeb-synthesis,test
Celeb-DF-v2/Celeb-synthesis/id31_id33_0008.mp4,id31_id33_0008,id31,1,Celeb-synthesis,test
Celeb-DF-v2/Celeb-synthesis/id54_id49_0003.mp4,id54_id49_0003,id54,1,Celeb-synthesis,test
Celeb-DF-v2/Celeb-synthesis/id0_id1_0000.mp4,id0_id1_0000,id0,1,Celeb-synthesis,test
Celeb-DF-v2/Celeb-synthesis/id21_id28_0001.mp4,id21_id28_0001,id21,1,Celeb-synthesis,test
Celeb-DF-v2/Celeb-synthesis/id33_id29_0004.mp4,id33_id29_0004,id33,1,Celeb-synthesis,test
Celeb-DF-v2/Celeb-synthesis/id28_id0_0009.mp4,id28_id0_0009,id28,1,Celeb-synthesis,test
Celeb-DF-v2/Celeb-synthesis/id6_id9_0006.mp4,id6_id9_0006,id6,1,Celeb-synthesis,test
Celeb-DF-v2/Celeb-synthesis/id9_id0_0006.mp4,id9_id0_0006,id9,1,Celeb-synthesis,test
Celeb-DF-v2/Celeb-synthesis/id26_id2_0005.mp4,id26_id2_0005,id26,1,Celeb-synthesis,test
Celeb-DF-v2/Celeb-synthesis/id1_id3_0002.mp4,id1_id3_0002,id1,1,Celeb-synthesis,test
Celeb-DF-v2/Celeb-synthesis/id4_id6_0008.mp4,id4_id6_0008,id4,1,Celeb-synthesis,test
Celeb-DF-v2/Celeb-synthesis/id16_id28_0005.mp4,id16_id28_0005,id16,1,Celeb-synthesis,test
Celeb-DF-v2/Celeb-synthesis/id37_id35_0005.mp4,id37_id35_0005,id37,1,Celeb-synthesis,test
Celeb-DF-v2/Celeb-synthesis/id19_id20_0004.mp4,id19_id20_0004,id19,1,Celeb-synthesis,test
Celeb-DF-v2/Celeb-synthesis/id46_id41_0000.mp4,id46_id41_0000,id46,1,Celeb-synthesis,test
Celeb-DF-v2/Celeb-synthesis/id51_id57_0004.mp4,id51_id57_0004,id51,1,Celeb-synthesis,test
Celeb-DF-v2/Celeb-synthesis/id29_id37_0005.mp4,id29_id37_0005,id29,1,Celeb-synthesis,test
Celeb-DF-v2/Celeb-synthesis/id35_id23_0007.mp4,id35_id23_0007,id35,1,Celeb-synthesis,test
Celeb-DF-v2/Celeb-synthesis/id34_id33_0002.mp4,id34_id33_0002,id34,1,Celeb-synthesis,test
Celeb-DF-v2/Celeb-synthesis/id1_id3_0006.mp4,id1_id3_0006,id1,1,Celeb-synthesis,test
Celeb-DF-v2/Celeb-synthesis/id13_id10_0005.mp4,id13_id10_0005,id13,1,Celeb-synthesis,test
Celeb-DF-v2/Celeb-synthesis/id56_id55_0009.mp4,id56_id55_0009,id56,1,Celeb-synthesis,test
Celeb-DF-v2/Celeb-synthesis/id25_id28_0010.mp4,id25_id28_0010,id25,1,Celeb-synthesis,test
Celeb-DF-v2/Celeb-synthesis/id20_id37_0004.mp4,id20_id37_0004,id20,1,Celeb-synthesis,test
Celeb-DF-v2/Celeb-synthesis/id37_id29_0002.mp4,id37_id29_0002,id37,1,Celeb-synthesis,test
Celeb-DF-v2/Celeb-synthesis/id56_id54_0007.mp4,id56_id54_0007,id56,1,Celeb-synthesis,test
Celeb-DF-v2/Celeb-synthesis/id19_id20_0000.mp4,id19_id20_0000,id19,1,Celeb-synthesis,test
Celeb-DF-v2/Celeb-synthesis/id4_id28_0006.mp4,id4_id28_0006,id4,1,Celeb-synthesis,test
Celeb-DF-v2/Celeb-synthesis/id53_id58_0005.mp4,id53_id58_0005,id53,1,Celeb-synthesis,test
Celeb-DF-v2/Celeb-synthesis/id55_id57_0002.mp4,id55_id57_0002,id55,1,Celeb-synthesis,test
Celeb-DF-v2/Celeb-synthesis/id24_id26_0004.mp4,id24_id26_0004,id24,1,Celeb-synthesis,test
Celeb-DF-v2/Celeb-synthesis/id20_id0_0006.mp4,id20_id0_0006,id20,1,Celeb-synthesis,test
Celeb-DF-v2/Celeb-synthesis/id37_id2_0009.mp4,id37_id2_0009,id37,1,Celeb-synthesis,test
Celeb-DF-v2/Celeb-synthesis/id30_id26_0006.mp4,id30_id26_0006,id30,1,Celeb-synthesis,test
Celeb-DF-v2/Celeb-synthesis/id16_id2_0001.mp4,id16_id2_0001,id16,1,Celeb-synthesis,test
Celeb-DF-v2/Celeb-synthesis/id26_id1_0002.mp4,id26_id1_0002,id26,1,Celeb-synthesis,test
Celeb-DF-v2/Celeb-synthesis/id30_id6_0007.mp4,id30_id6_0007,id30,1,Celeb-synthesis,test
Celeb-DF-v2/Celeb-synthesis/id44_id41_0005.mp4,id44_id41_0005,id44,1,Celeb-synthesis,test
Celeb-DF-v2/Celeb-synthesis/id16_id2_0006.mp4,id16_id2_0006,id16,1,Celeb-synthesis,test
Celeb-DF-v2/Celeb-synthesis/id1_id16_0004.mp4,id1_id16_0004,id1,1,Celeb-synthesis,test
Celeb-DF-v2/Celeb-synthesis/id16_id21_0002.mp4,id16_id21_0002,id16,1,Celeb-synthesis,test
Celeb-DF-v2/Celeb-synthesis/id4_id0_0000.mp4,id4_id0_0000,id4,1,Celeb-synthesis,test
Celeb-DF-v2/Celeb-synthesis/id8_id0_0002.mp4,id8_id0_0002,id8,1,Celeb-synthesis,test
Celeb-DF-v2/Celeb-synthesis/id19_id23_0001.mp4,id19_id23_0001,id19,1,Celeb-synthesis,test
Celeb-DF-v2/Celeb-synthesis/id37_id3_0006.mp4,id37_id3_0006,id37,1,Celeb-synthesis,test
Celeb-DF-v2/Celeb-synthesis/id9_id16_0007.mp4,id9_id16_0007,id9,1,Celeb-synthesis,test
Celeb-DF-v2/Celeb-synthesis/id47_id43_0007.mp4,id47_id43_0007,id47,1,Celeb-synthesis,test
Celeb-DF-v2/Celeb-synthesis/id16_id3_0009.mp4,id16_id3_0009,id16,1,Celeb-synthesis,test
Celeb-DF-v2/Celeb-synthesis/id26_id28_0002.mp4,id26_id28_0002,id26,1,Celeb-synthesis,test
Celeb-DF-v2/Celeb-synthesis/id8_id3_0003.mp4,id8_id3_0003,id8,1,Celeb-synthesis,test
Celeb-DF-v2/Celeb-synthesis/id30_id28_0000.mp4,id30_id28_0000,id30,1,Celeb-synthesis,test
Celeb-DF-v2/Celeb-synthesis/id27_id23_0008.mp4,id27_id23_0008,id27,1,Celeb-synthesis,test
Celeb-DF-v2/Celeb-synthesis/id28_id20_0008.mp4,id28_id20_0008,id28,1,Celeb-synthesis,test
Celeb-DF-v2/Celeb-synthesis/id1_id2_0002.mp4,id1_id2_0002,id1,1,Celeb-synthesis,test
Celeb-DF-v2/Celeb-synthesis/id46_id39_0000.mp4,id46_id39_0000,id46,1,Celeb-synthesis,test
Celeb-DF-v2/Celeb-synthesis/id37_id28_0008.mp4,id37_id28_0008,id37,1,Celeb-synthesis,test
Celeb-DF-v2/Celeb-synthesis/id0_id3_0007.mp4,id0_id3_0007,id0,1,Celeb-synthesis,test
Celeb-DF-v2/Celeb-synthesis/id4_id1_0002.mp4,id4_id1_0002,id4,1,Celeb-synthesis,test
Celeb-DF-v2/Celeb-synthesis/id13_id7_0000.mp4,id13_id7_0000,id13,1,Celeb-synthesis,test
Celeb-DF-v2/Celeb-synthesis/id50_id53_0000.mp4,id50_id53_0000,id50,1,Celeb-synthesis,test
Celeb-DF-v2/Celeb-synthesis/id50_id56_0005.mp4,id50_id56_0005,id50,1,Celeb-synthesis,test
Celeb-DF-v2/Celeb-synthesis/id4_id21_0009.mp4,id4_id21_0009,id4,1,Celeb-synthesis,test
Celeb-DF-v2/Celeb-synthesis/id23_id3_0004.mp4,id23_id3_0004,id23,1,Celeb-synthesis,test
Celeb-DF-v2/Celeb-synthesis/id56_id51_0000.mp4,id56_id51_0000,id56,1,Celeb-synthesis,test
Celeb-DF-v2/Celeb-synthesis/id30_id3_0006.mp4,id30_id3_0006,id30,1,Celeb-synthesis,test
Celeb-DF-v2/Celeb-synthesis/id28_id20_0006.mp4,id28_id20_0006,id28,1,Celeb-synthesis,test
Celeb-DF-v2/Celeb-synthesis/id4_id20_0008.mp4,id4_id20_0008,id4,1,Celeb-synthesis,test
Celeb-DF-v2/Celeb-synthesis/id54_id58_0006.mp4,id54_id58_0006,id54,1,Celeb-synthesis,test
Celeb-DF-v2/Celeb-synthesis/id53_id57_0005.mp4,id53_id57_0005,id53,1,Celeb-synthesis,test
Celeb-DF-v2/Celeb-synthesis/id31_id33_0009.mp4,id31_id33_0009,id31,1,Celeb-synthesis,test
Celeb-DF-v2/Celeb-synthesis/id0_id21_0000.mp4,id0_id21_0000,id0,1,Celeb-synthesis,test
Celeb-DF-v2/Celeb-synthesis/id6_id23_0006.mp4,id6_id23_0006,id6,1,Celeb-synthesis,test
Celeb-DF-v2/Celeb-synthesis/id48_id45_0002.mp4,id48_id45_0002,id48,1,Celeb-synthesis,test
Celeb-DF-v2/Celeb-synthesis/id46_id45_0001.mp4,id46_id45_0001,id46,1,Celeb-synthesis,test
Celeb-DF-v2/Celeb-synthesis/id28_id21_0006.mp4,id28_id21_0006,id28,1,Celeb-synthesis,test
Celeb-DF-v2/Celeb-synthesis/id12_id10_0005.mp4,id12_id10_0005,id12,1,Celeb-synthesis,test
Celeb-DF-v2/Celeb-synthesis/id54_id56_0000.mp4,id54_id56_0000,id54,1,Celeb-synthesis,test
Celeb-DF-v2/Celeb-synthesis/id39_id47_0004.mp4,id39_id47_0004,id39,1,Celeb-synthesis,test
Celeb-DF-v2/Celeb-synthesis/id9_id3_0009.mp4,id9_id3_0009,id9,1,Celeb-synthesis,test
Celeb-DF-v2/Celeb-synthesis/id35_id16_0007.mp4,id35_id16_0007,id35,1,Celeb-synthesis,test
Celeb-DF-v2/Celeb-synthesis/id21_id2_0002.mp4,id21_id2_0002,id21,1,Celeb-synthesis,test
Celeb-DF-v2/Celeb-synthesis/id12_id10_0002.mp4,id12_id10_0002,id12,1,Celeb-synthesis,test
Celeb-DF-v2/Celeb-synthesis/id10_id13_0007.mp4,id10_id13_0007,id10,1,Celeb-synthesis,test
Celeb-DF-v2/Celeb-synthesis/id20_id31_0008.mp4,id20_id31_0008,id20,1,Celeb-synthesis,test
Celeb-DF-v2/Celeb-synthesis/id0_id16_0003.mp4,id0_id16_0003,id0,1,Celeb-synthesis,test
Celeb-DF-v2/Celeb-synthesis/id0_id16_0007.mp4,id0_id16_0007,id0,1,Celeb-synthesis,test
Celeb-DF-v2/Celeb-synthesis/id2_id16_0004.mp4,id2_id16_0004,id2,1,Celeb-synthesis,test
Celeb-DF-v2/Celeb-synthesis/id13_id7_0012.mp4,id13_id7_0012,id13,1,Celeb-synthesis,test
Celeb-DF-v2/Celeb-synthesis/id37_id1_0002.mp4,id37_id1_0002,id37,1,Celeb-synthesis,test
Celeb-DF-v2/Celeb-synthesis/id30_id28_0004.mp4,id30_id28_0004,id30,1,Celeb-synthesis,test
Celeb-DF-v2/Celeb-synthesis/id53_id52_0003.mp4,id53_id52_0003,id53,1,Celeb-synthesis,test
Celeb-DF-v2/Celeb-synthesis/id54_id56_0006.mp4,id54_id56_0006,id54,1,Celeb-synthesis,test
Celeb-DF-v2/Celeb-synthesis/id3_id28_0002.mp4,id3_id28_0002,id3,1,Celeb-synthesis,test
Celeb-DF-v2/Celeb-synthesis/id37_id4_0000.mp4,id37_id4_0000,id37,1,Celeb-synthesis,test
Celeb-DF-v2/Celeb-synthesis/id28_id9_0000.mp4,id28_id9_0000,id28,1,Celeb-synthesis,test
Celeb-DF-v2/Celeb-synthesis/id4_id2_0003.mp4,id4_id2_0003,id4,1,Celeb-synthesis,test
Celeb-DF-v2/Celeb-synthesis/id25_id21_0005.mp4,id25_id21_0005,id25,1,Celeb-synthesis,test
Celeb-DF-v2/Celeb-synthesis/id17_id3_0007.mp4,id17_id3_0007,id17,1,Celeb-synthesis,test
Celeb-DF-v2/Celeb-synthesis/id2_id1_0004.mp4,id2_id1_0004,id2,1,Celeb-synthesis,test
Celeb-DF-v2/Celeb-synthesis/id3_id9_0003.mp4,id3_id9_0003,id3,1,Celeb-synthesis,test
Celeb-DF-v2/Celeb-synthesis/id16_id6_0001.mp4,id16_id6_0001,id16,1,Celeb-synthesis,test
Celeb-DF-v2/Celeb-synthesis/id8_id6_0002.mp4,id8_id6_0002,id8,1,Celeb-synthesis,test
Celeb-DF-v2/Celeb-synthesis/id17_id16_0007.mp4,id17_id16_0007,id17,1,Celeb-synthesis,test
Celeb-DF-v2/Celeb-synthesis/id4_id26_0007.mp4,id4_id26_0007,id4,1,Celeb-synthesis,test
Celeb-DF-v2/Celeb-synthesis/id44_id45_0000.mp4,id44_id45_0000,id44,1,Celeb-synthesis,test
Celeb-DF-v2/Celeb-synthesis/id0_id1_0005.mp4,id0_id1_0005,id0,1,Celeb-synthesis,test
Celeb-DF-v2/Celeb-synthesis/id57_id51_0000.mp4,id57_id51_0000,id57,1,Celeb-synthesis,test
Celeb-DF-v2/Celeb-synthesis/id34_id32_0007.mp4,id34_id32_0007,id34,1,Celeb-synthesis,test
Celeb-DF-v2/Celeb-synthesis/id32_id31_0006.mp4,id32_id31_0006,id32,1,Celeb-synthesis,test
Celeb-DF-v2/Celeb-synthesis/id48_id41_0001.mp4,id48_id41_0001,id48,1,Celeb-synthesis,test
Celeb-DF-v2/Celeb-synthesis/id4_id0_0004.mp4,id4_id0_0004,id4,1,Celeb-synthesis,test
Celeb-DF-v2/Celeb-synthesis/id21_id19_0009.mp4,id21_id19_0009,id21,1,Celeb-synthesis,test
Celeb-DF-v2/Celeb-synthesis/id45_id39_0008.mp4,id45_id39_0008,id45,1,Celeb-synthesis,test
Celeb-DF-v2/Celeb-synthesis/id31_id30_0009.mp4,id31_id30_0009,id31,1,Celeb-synthesis,test
Celeb-DF-v2/Celeb-synthesis/id27_id19_0001.mp4,id27_id19_0001,id27,1,Celeb-synthesis,test
Celeb-DF-v2/Celeb-synthesis/id23_id16_0003.mp4,id23_id16_0003,id23,1,Celeb-synthesis,test
Celeb-DF-v2/Celeb-synthesis/id58_id57_0008.mp4,id58_id57_0008,id58,1,Celeb-synthesis,test
Celeb-DF-v2/Celeb-synthesis/id17_id2_0007.mp4,id17_id2_0007,id17,1,Celeb-synthesis,test
Celeb-DF-v2/Celeb-synthesis/id28_id3_0001.mp4,id28_id3_0001,id28,1,Celeb-synthesis,test
Celeb-DF-v2/Celeb-synthesis/id23_id35_0009.mp4,id23_id35_0009,id23,1,Celeb-synthesis,test
Celeb-DF-v2/Celeb-synthesis/id4_id0_0001.mp4,id4_id0_0001,id4,1,Celeb-synthesis,test
Celeb-DF-v2/Celeb-synthesis/id17_id31_0009.mp4,id17_id31_0009,id17,1,Celeb-synthesis,test
Celeb-DF-v2/Celeb-synthesis/id48_id47_0008.mp4,id48_id47_0008,id48,1,Celeb-synthesis,test
Celeb-DF-v2/Celeb-synthesis/id50_id49_0001.mp4,id50_id49_0001,id50,1,Celeb-synthesis,test
Celeb-DF-v2/Celeb-synthesis/id20_id1_0003.mp4,id20_id1_0003,id20,1,Celeb-synthesis,test
Celeb-DF-v2/Celeb-synthesis/id16_id3_0010.mp4,id16_id3_0010,id16,1,Celeb-synthesis,test
Celeb-DF-v2/Celeb-synthesis/id23_id19_0000.mp4,id23_id19_0000,id23,1,Celeb-synthesis,test
Celeb-DF-v2/Celeb-synthesis/id1_id3_0009.mp4,id1_id3_0009,id1,1,Celeb-synthesis,test
Celeb-DF-v2/Celeb-synthesis/id43_id40_0005.mp4,id43_id40_0005,id43,1,Celeb-synthesis,test
Celeb-DF-v2/Celeb-synthesis/id4_id6_0002.mp4,id4_id6_0002,id4,1,Celeb-synthesis,test
Celeb-DF-v2/Celeb-synthesis/id10_id7_0008.mp4,id10_id7_0008,id10,1,Celeb-synthesis,test
Celeb-DF-v2/Celeb-synthesis/id13_id10_0008.mp4,id13_id10_0008,id13,1,Celeb-synthesis,test
Celeb-DF-v2/Celeb-synthesis/id12_id7_0006.mp4,id12_id7_0006,id12,1,Celeb-synthesis,test
Celeb-DF-v2/Celeb-synthesis/id6_id2_0008.mp4,id6_id2_0008,id6,1,Celeb-synthesis,test
Celeb-DF-v2/Celeb-synthesis/id2_id0_0002.mp4,id2_id0_0002,id2,1,Celeb-synthesis,test
Celeb-DF-v2/Celeb-synthesis/id2_id6_0002.mp4,id2_id6_0002,id2,1,Celeb-synthesis,test
Celeb-DF-v2/Celeb-synthesis/id30_id28_0006.mp4,id30_id28_0006,id30,1,Celeb-synthesis,test
Celeb-DF-v2/Celeb-synthesis/id52_id50_0007.mp4,id52_id50_0007,id52,1,Celeb-synthesis,test
Celeb-DF-v2/Celeb-synthesis/id49_id52_0007.mp4,id49_id52_0007,id49,1,Celeb-synthesis,test
Celeb-DF-v2/Celeb-synthesis/id51_id50_0008.mp4,id51_id50_0008,id51,1,Celeb-synthesis,test
Celeb-DF-v2/Celeb-synthesis/id21_id3_0009.mp4,id21_id3_0009,id21,1,Celeb-synthesis,test
Celeb-DF-v2/Celeb-synthesis/id31_id16_0002.mp4,id31_id16_0002,id31,1,Celeb-synthesis,test
Celeb-DF-v2/Celeb-synthesis/id25_id28_0003.mp4,id25_id28_0003,id25,1,Celeb-synthesis,test
Celeb-DF-v2/Celeb-synthesis/id21_id20_0006.mp4,id21_id20_0006,id21,1,Celeb-synthesis,test
Celeb-DF-v2/Celeb-synthesis/id10_id7_0005.mp4,id10_id7_0005,id10,1,Celeb-synthesis,test
Celeb-DF-v2/Celeb-synthesis/id38_id30_0006.mp4,id38_id30_0006,id38,1,Celeb-synthesis,test
Celeb-DF-v2/Celeb-synthesis/id35_id30_0006.mp4,id35_id30_0006,id35,1,Celeb-synthesis,test
Celeb-DF-v2/Celeb-synthesis/id20_id9_0008.mp4,id20_id9_0008,id20,1,Celeb-synthesis,test
Celeb-DF-v2/Celeb-synthesis/id25_id23_0010.mp4,id25_id23_0010,id25,1,Celeb-synthesis,test
Celeb-DF-v2/Celeb-synthesis/id17_id21_0000.mp4,id17_id21_0000,id17,1,Celeb-synthesis,test
Celeb-DF-v2/Celeb-synthesis/id45_id47_0002.mp4,id45_id47_0002,id45,1,Celeb-synthesis,test
Celeb-DF-v2/Celeb-synthesis/id1_id3_0003.mp4,id1_id3_0003,id1,1,Celeb-synthesis,test
Celeb-DF-v2/Celeb-synthesis/id27_id26_0006.mp4,id27_id26_0006,id27,1,Celeb-synthesis,test
Celeb-DF-v2/Celeb-synthesis/id44_id42_0001.mp4,id44_id42_0001,id44,1,Celeb-synthesis,test
Celeb-DF-v2/Celeb-synthesis/id57_id53_0006.mp4,id57_id53_0006,id57,1,Celeb-synthesis,test
Celeb-DF-v2/Celeb-synthesis/id43_id39_0000.mp4,id43_id39_0000,id43,1,Celeb-synthesis,test
Celeb-DF-v2/Celeb-synthesis/id35_id16_0004.mp4,id35_id16_0004,id35,1,Celeb-synthesis,test
Celeb-DF-v2/Celeb-synthesis/id42_id40_0001.mp4,id42_id40_0001,id42,1,Celeb-synthesis,test
Celeb-DF-v2/Celeb-synthesis/id21_id2_0000.mp4,id21_id2_0000,id21,1,Celeb-synthesis,test
Celeb-DF-v2/Celeb-synthesis/id37_id21_0000.mp4,id37_id21_0000,id37,1,Celeb-synthesis,test
Celeb-DF-v2/Celeb-synthesis/id29_id38_0008.mp4,id29_id38_0008,id29,1,Celeb-synthesis,test
Celeb-DF-v2/Celeb-synthesis/id39_id44_0000.mp4,id39_id44_0000,id39,1,Celeb-synthesis,test
Celeb-DF-v2/Celeb-synthesis/id9_id6_0005.mp4,id9_id6_0005,id9,1,Celeb-synthesis,test
Celeb-DF-v2/Celeb-synthesis/id0_id1_0001.mp4,id0_id1_0001,id0,1,Celeb-synthesis,test
Celeb-DF-v2/Celeb-synthesis/id31_id2_0004.mp4,id31_id2_0004,id31,1,Celeb-synthesis,test
Celeb-DF-v2/Celeb-synthesis/id38_id34_0003.mp4,id38_id34_0003,id38,1,Celeb-synthesis,test
Celeb-DF-v2/Celeb-synthesis/id56_id57_0007.mp4,id56_id57_0007,id56,1,Celeb-synthesis,test
Celeb-DF-v2/Celeb-synthesis/id52_id58_0005.mp4,id52_id58_0005,id52,1,Celeb-synthesis,test
Celeb-DF-v2/Celeb-synthesis/id28_id4_0000.mp4,id28_id4_0000,id28,1,Celeb-synthesis,test
Celeb-DF-v2/Celeb-synthesis/id22_id26_0005.mp4,id22_id26_0005,id22,1,Celeb-synthesis,test
Celeb-DF-v2/Celeb-synthesis/id4_id30_0000.mp4,id4_id30_0000,id4,1,Celeb-synthesis,test
Celeb-DF-v2/Celeb-synthesis/id29_id32_0003.mp4,id29_id32_0003,id29,1,Celeb-synthesis,test
Celeb-DF-v2/Celeb-synthesis/id35_id20_0007.mp4,id35_id20_0007,id35,1,Celeb-synthesis,test
Celeb-DF-v2/Celeb-synthesis/id1_id2_0007.mp4,id1_id2_0007,id1,1,Celeb-synthesis,test
Celeb-DF-v2/Celeb-synthesis/id30_id3_0002.mp4,id30_id3_0002,id30,1,Celeb-synthesis,test
Celeb-DF-v2/Celeb-synthesis/id22_id25_0001.mp4,id22_id25_0001,id22,1,Celeb-synthesis,test
Celeb-DF-v2/Celeb-synthesis/id39_id44_0008.mp4,id39_id44_0008,id39,1,Celeb-synthesis,test
Celeb-DF-v2/Celeb-synthesis/id34_id29_0008.mp4,id34_id29_0008,id34,1,Celeb-synthesis,test
Celeb-DF-v2/Celeb-synthesis/id21_id28_0009.mp4,id21_id28_0009,id21,1,Celeb-synthesis,test
Celeb-DF-v2/Celeb-synthesis/id30_id4_0001.mp4,id30_id4_0001,id30,1,Celeb-synthesis,test
Celeb-DF-v2/Celeb-synthesis/id25_id19_0008.mp4,id25_id19_0008,id25,1,Celeb-synthesis,test
Celeb-DF-v2/Celeb-synthesis/id21_id4_0002.mp4,id21_id4_0002,id21,1,Celeb-synthesis,test
Celeb-DF-v2/Celeb-synthesis/id17_id28_0001.mp4,id17_id28_0001,id17,1,Celeb-synthesis,test
Celeb-DF-v2/Celeb-synthesis/id6_id1_0007.mp4,id6_id1_0007,id6,1,Celeb-synthesis,test
Celeb-DF-v2/Celeb-synthesis/id9_id2_0008.mp4,id9_id2_0008,id9,1,Celeb-synthesis,test
Celeb-DF-v2/Celeb-synthesis/id8_id5_0008.mp4,id8_id5_0008,id8,1,Celeb-synthesis,test
Celeb-DF-v2/Celeb-synthesis/id37_id3_0004.mp4,id37_id3_0004,id37,1,Celeb-synthesis,test
Celeb-DF-v2/Celeb-synthesis/id17_id2_0003.mp4,id17_id2_0003,id17,1,Celeb-synthesis,test
